Entity,Code,Year,Bioenergy,Geothermal,Offshore wind,Solar photovoltaic,Concentrated solar power,Hydropower,Onshore wind
Argentina,ARG,1995,,,,,,,0.28733253
Argentina,ARG,1997,,,,,,,0.14646001
Argentina,ARG,2008,,,,,,,0.56334573
Argentina,ARG,2009,,,,,,,0.3174372
Argentina,ARG,2012,,,,,,,0.12285538
Argentina,ARG,2013,,,,,,,0.1240685
Argentina,ARG,2014,,,,,,,0.10819013
Argentina,ARG,2015,,,,,,,0.103485994
Argentina,ARG,2017,,,,,,,0.10906031
Argentina,ARG,2018,,,,,,,0.0777057
Argentina,ARG,2019,,,,,,,0.06826742
Argentina,ARG,2020,,,,,,,0.076345235
Argentina,ARG,2021,,,,,,,0.07444711
Argentina,ARG,2022,,,,,,,0.05416029
Argentina,ARG,2023,,,,,,,0.10496025
Argentina,ARG,2024,,,,,,,0.07801637
Australia,AUS,1998,,,,,,,0.27814797
Australia,AUS,2000,,,,,,,0.11067499
Australia,AUS,2001,,,,,,,0.079415925
Australia,AUS,2002,,,,,,,0.1071057
Australia,AUS,2003,,,,,,,0.10730681
Australia,AUS,2004,,,,,,,0.21537563
Australia,AUS,2005,,,,,,,0.1009797
Australia,AUS,2006,,,,,,,0.09629011
Australia,AUS,2007,,,,,,,0.08465411
Australia,AUS,2008,,,,,,,0.1126217
Australia,AUS,2009,,,,,,,0.08532906
Australia,AUS,2010,,,,0.47926226,,,0.14364983
Australia,AUS,2011,,,,0.4866601,,,0.12316695
Australia,AUS,2012,,,,0.29418796,,,0.119919956
Australia,AUS,2013,,,,0.16840646,,,0.096780375
Australia,AUS,2014,,,,0.13854918,,,0.09398979
Australia,AUS,2015,,,,0.11901391,,,0.079403505
Australia,AUS,2016,,,,0.09129986,,,0.0760836
Australia,AUS,2017,,,,0.09988753,,,0.061234146
Australia,AUS,2018,,,,0.08195865,,,0.048564248
Australia,AUS,2019,,,,0.07813796,,,0.046055347
Australia,AUS,2020,,,,0.05878333,,,0.051951263
Australia,AUS,2021,,,,0.047998764,,,0.034564897
Australia,AUS,2022,,,,0.042101234,,,0.034044042
Australia,AUS,2023,,,,0.035940908,,,0.042991333
Australia,AUS,2024,,,,0.049015902,,,0.041197635
Austria,AUT,1995,,,,,,,0.16709122
Austria,AUT,1996,,,,,,,0.19682308
Austria,AUT,1998,,,,,,,0.16518772
Austria,AUT,1999,,,,,,,0.14137939
Austria,AUT,2000,,,,,,,0.101460144
Austria,AUT,2012,,,,,,,0.12294493
Austria,AUT,2013,,,,,,,0.18730833
Austria,AUT,2014,,,,,,,0.11572529
Austria,AUT,2015,,,,,,,0.10284128
Austria,AUT,2016,,,,,,,0.09108656
Austria,AUT,2017,,,,,,,0.07938832
Austria,AUT,2018,,,,,,,0.06818222
Austria,AUT,2022,,,,,,,0.061346963
Austria,AUT,2023,,,,,,,0.046527814
Austria,AUT,2024,,,,,,,0.060438488
Brazil,BRA,2001,,,,,,,0.15993409
Brazil,BRA,2002,,,,,,,0.13552354
Brazil,BRA,2003,,,,,,,0.15401433
Brazil,BRA,2005,,,,,,,0.14452106
Brazil,BRA,2006,,,,,,,0.10430042
Brazil,BRA,2007,,,,,,,0.11009106
Brazil,BRA,2008,,,,,,,0.0890806
Brazil,BRA,2009,,,,,,,0.12805921
Brazil,BRA,2010,,,,,,,0.12241329
Brazil,BRA,2011,,,,0.6053033,,,0.09880132
Brazil,BRA,2012,,,,,,,0.09442217
Brazil,BRA,2013,,,,0.43039694,,,0.08739429
Brazil,BRA,2014,,,,0.16475248,,,0.07265786
Brazil,BRA,2015,,,,0.18041137,,,0.06134729
Brazil,BRA,2016,,,,0.1369159,,,0.059508555
Brazil,BRA,2017,,,,0.0901882,,,0.049828842
Brazil,BRA,2018,,,,0.109691635,,,0.049468793
Brazil,BRA,2019,,,,0.10002088,,,0.03760021
Brazil,BRA,2020,,,,0.079168685,,,0.0355114
Brazil,BRA,2021,,,,0.048540507,,,0.025879038
Brazil,BRA,2022,,,,0.044522054,,,0.024556328
Brazil,BRA,2023,,,,0.042362943,,,0.024863
Brazil,BRA,2024,,,,0.047700368,,,0.029552229
Canada,CAN,1990,,,,,,,0.21800701
Canada,CAN,1992,,,,,,,0.20733283
Canada,CAN,1993,,,,,,,0.067071475
Canada,CAN,1994,,,,,,,0.10289296
Canada,CAN,1996,,,,,,,0.17303517
Canada,CAN,1999,,,,,,,0.17261396
Canada,CAN,2000,,,,,,,0.14301282
Canada,CAN,2001,,,,,,,0.10787458
Canada,CAN,2002,,,,,,,0.10193071
Canada,CAN,2003,,,,,,,0.10292481
Canada,CAN,2004,,,,,,,0.10088977
Canada,CAN,2005,,,,,,,0.08931449
Canada,CAN,2006,,,,,,,0.09795083
Canada,CAN,2007,,,,,,,0.10948784
Canada,CAN,2008,,,,,,,0.111815445
Canada,CAN,2009,,,,,,,0.111110605
Canada,CAN,2010,,,,,,,0.123295695
Canada,CAN,2011,,,,,,,0.108775444
Canada,CAN,2012,,,,,,,0.120673545
Canada,CAN,2013,,,,,,,0.11091199
Canada,CAN,2014,,,,,,,0.09683645
Canada,CAN,2015,,,,,,,0.08901942
Canada,CAN,2016,,,,,,,0.08908108
Canada,CAN,2017,,,,,,,0.071616106
Canada,CAN,2018,,,,0.18192784,,,0.05873548
Canada,CAN,2019,,,,0.11818325,,,0.06275951
Canada,CAN,2020,,,,0.09824132,,,0.039752606
Canada,CAN,2021,,,,0.083293445,,,0.032150827
Canada,CAN,2022,,,,0.07060317,,,0.03363428
Canada,CAN,2023,,,,0.10403274,,,0.03705367
Canada,CAN,2024,,,,,,,0.034564517
Chile,CHL,2009,,,,,,,0.22903171
Chile,CHL,2011,,,,,,,0.1445776
Chile,CHL,2012,,,,0.22282591,,,0.10142308
Chile,CHL,2013,,,,0.16534773,,,0.09987083
Chile,CHL,2014,,,,0.1626658,,,0.09847619
Chile,CHL,2015,,,,0.11264991,,,0.09385943
Chile,CHL,2016,,,,0.103501625,,,0.07938304
Chile,CHL,2017,,,,0.0995589,,,0.074858084
Chile,CHL,2018,,,,0.13199914,,,0.05560858
Chile,CHL,2019,,,,0.105239935,,,0.07951146
Chile,CHL,2020,,,,0.07115699,,,0.04290472
Chile,CHL,2021,,,,0.050731976,,,0.043126326
Chile,CHL,2022,,,,0.046349626,,,0.05577034
Chile,CHL,2023,,,,0.044078536,,,0.050042044
Chile,CHL,2024,,,,,,,0.045645647
China,CHN,1996,,,,,,,0.19703579
China,CHN,1997,,,,,,,0.19703579
China,CHN,1998,,,,,,,0.18075715
China,CHN,1999,,,,,,,0.17674045
China,CHN,2000,,,,,,,0.16147655
China,CHN,2001,,,,,,,0.13482583
China,CHN,2002,,,,,,,0.15183626
China,CHN,2003,,,,,,,0.10630606
China,CHN,2004,,,,,,,0.11227038
China,CHN,2005,,,,,,,0.109912984
China,CHN,2006,,,,,,,0.10429012
China,CHN,2007,,,,,,,0.091322966
China,CHN,2008,,,,,,,0.09664182
China,CHN,2009,,,,,,,0.09794712
China,CHN,2010,,,,0.34322062,,,0.09152074
China,CHN,2011,,,,0.30212963,,,0.08630941
China,CHN,2012,,,,0.22277415,,,0.08474972
China,CHN,2013,,,,0.1744273,,,0.079412304
China,CHN,2014,,,,0.130179,,,0.074812576
China,CHN,2015,,,,0.09669816,,,0.06939407
China,CHN,2016,,,,0.08375809,,,0.0641078
China,CHN,2017,,,,0.07319116,,,0.050430857
China,CHN,2018,,,,0.055854745,,,0.052862674
China,CHN,2019,,,,0.05163111,,,0.041048605
China,CHN,2020,,,,0.043841377,,,0.037784383
China,CHN,2021,,,,0.039096348,,,0.030439317
China,CHN,2022,,,,0.038661644,,,0.02814245
China,CHN,2023,,,,0.03606884,,,0.02639016
China,CHN,2024,,,,0.033003286,,,0.028864766
Costa Rica,CRI,1999,,,,,,,0.08164775
Costa Rica,CRI,2003,,,,,,,0.064329505
Costa Rica,CRI,2009,,,,,,,0.10003424
Costa Rica,CRI,2011,,,,,,,0.10403553
Costa Rica,CRI,2012,,,,,,,0.14357217
Costa Rica,CRI,2014,,,,,,,0.07346697
Costa Rica,CRI,2015,,,,,,,0.0715393
Costa Rica,CRI,2016,,,,,,,0.081541575
Costa Rica,CRI,2017,,,,,,,0.05091786
Croatia,HRV,2008,,,,,,,0.22804287
Croatia,HRV,2009,,,,,,,0.17987502
Croatia,HRV,2011,,,,,,,0.16773291
Croatia,HRV,2012,,,,,,,0.13814457
Croatia,HRV,2014,,,,,,,0.17634994
Croatia,HRV,2015,,,,,,,0.09558222
Croatia,HRV,2016,,,,,,,0.09398335
Croatia,HRV,2017,,,,,,,0.069878295
Croatia,HRV,2020,,,,,,,0.05273105
Croatia,HRV,2021,,,,,,,0.05006426
Croatia,HRV,2023,,,,,,,0.054897327
Cyprus,CYP,2010,,,,,,,0.14511909
Cyprus,CYP,2011,,,,,,,0.1474573
Cyprus,CYP,2012,,,,,,,0.18300617
Cyprus,CYP,2013,,,,,,,0.2140542
Cyprus,CYP,2016,,,,,,,0.11725261
Denmark,DNK,1984,,,,,,,0.26383832
Denmark,DNK,1985,,,,,,,0.24733639
Denmark,DNK,1986,,,,,,,0.23957331
Denmark,DNK,1987,,,,,,,0.22841808
Denmark,DNK,1988,,,,,,,0.23906238
Denmark,DNK,1989,,,,,,,0.21780984
Denmark,DNK,1990,,,,,,,0.2188379
Denmark,DNK,1991,,,,,,,0.20706263
Denmark,DNK,1992,,,,,,,0.20322397
Denmark,DNK,1993,,,,,,,0.20405631
Denmark,DNK,1995,,,,,,,0.1694638
Denmark,DNK,1996,,,,,,,0.16502029
Denmark,DNK,1997,,,,,,,0.16944325
Denmark,DNK,1998,,,,,,,0.17289379
Denmark,DNK,1999,,,,,,,0.16956836
Denmark,DNK,2000,,,,,,,0.18441619
Denmark,DNK,2001,,,,,,,0.17768738
Denmark,DNK,2002,,,,,,,0.13011408
Denmark,DNK,2003,,,,,,,0.10441714
Denmark,DNK,2004,,,,,,,0.092936024
Denmark,DNK,2005,,,,,,,0.10920753
Denmark,DNK,2006,,,,,,,0.13559759
Denmark,DNK,2008,,,,,,,0.13121201
Denmark,DNK,2010,,,,,,,0.1325099
Denmark,DNK,2011,,,,,,,0.12944254
Denmark,DNK,2012,,,,,,,0.1002951
Denmark,DNK,2013,,,,,,,0.09811842
Denmark,DNK,2015,,,,,,,0.06934905
Denmark,DNK,2016,,,,,,,0.0609139
Denmark,DNK,2017,,,,,,,0.05029314
Denmark,DNK,2018,,,,,,,0.0479762
Denmark,DNK,2019,,,,,,,0.04930984
Denmark,DNK,2020,,,,,,,0.04365966
Dominican Republic,DOM,2007,,,,,,,0.11043481
Dominican Republic,DOM,2009,,,,,,,0.07833235
Dominican Republic,DOM,2011,,,,,,,0.08126774
Dominican Republic,DOM,2012,,,,,,,0.12372897
Dominican Republic,DOM,2013,,,,,,,0.08493219
Dominican Republic,DOM,2014,,,,,,,0.16030337
Dominican Republic,DOM,2016,,,,,,,0.09059773
Dominican Republic,DOM,2017,,,,,,,0.06997114
Dominican Republic,DOM,2018,,,,,,,0.077028334
Dominican Republic,DOM,2019,,,,,,,0.057803806
Dominican Republic,DOM,2020,,,,,,,0.06427365
Dominican Republic,DOM,2024,,,,,,,0.081169866
Egypt,EGY,2007,,,,,,,0.068374984
Egypt,EGY,2010,,,,,,,0.07695016
Egypt,EGY,2015,,,,,,,0.070665136
Egypt,EGY,2018,,,,,,,0.06297374
Egypt,EGY,2020,,,,,,,0.050841957
Egypt,EGY,2021,,,,,,,0.047932107
Egypt,EGY,2022,,,,,,,0.04630688
Egypt,EGY,2023,,,,,,,0.069946215
Egypt,EGY,2024,,,,,,,0.05848044
Ethiopia,ETH,2011,,,,,,,0.11615313
Ethiopia,ETH,2012,,,,,,,0.10885847
Ethiopia,ETH,2015,,,,,,,0.09738316
Ethiopia,ETH,2016,,,,,,,0.09952075
Ethiopia,ETH,2019,,,,,,,0.067543894
Ethiopia,ETH,2022,,,,,,,0.05125213
Finland,FIN,2013,,,,,,,0.06951278
Finland,FIN,2014,,,,,,,0.090377234
Finland,FIN,2015,,,,,,,0.08454917
Finland,FIN,2016,,,,,,,0.07028135
Finland,FIN,2017,,,,,,,0.060702223
Finland,FIN,2018,,,,,,,0.05337635
Finland,FIN,2019,,,,,,,0.041400988
Finland,FIN,2020,,,,,,,0.034658924
Finland,FIN,2021,,,,,,,0.039699428
Finland,FIN,2022,,,,,,,0.043306705
Finland,FIN,2023,,,,,,,0.043269377
Finland,FIN,2024,,,,,,,0.041737877
France,FRA,1991,,,,,,,0.2263156
France,FRA,1993,,,,,,,0.24015528
France,FRA,1996,,,,,,,0.21979639
France,FRA,1997,,,,,,,0.20451005
France,FRA,1998,,,,,,,0.20238195
France,FRA,1999,,,,,,,0.19374141
France,FRA,2000,,,,,,,0.15360436
France,FRA,2001,,,,,,,0.15627733
France,FRA,2002,,,,,,,0.16131206
France,FRA,2003,,,,,,,0.124882035
France,FRA,2004,,,,,,,0.14070415
France,FRA,2005,,,,,,,0.13883571
France,FRA,2006,,,,,,,0.13997316
France,FRA,2007,,,,,,,0.13152769
France,FRA,2008,,,,,,,0.17714621
France,FRA,2009,,,,,,,0.14603928
France,FRA,2010,,,,0.44737825,,,0.14824288
France,FRA,2011,,,,0.4532506,,,0.13049321
France,FRA,2012,,,,0.4612793,,,0.115978025
France,FRA,2013,,,,0.27304217,,,0.10503647
France,FRA,2014,,,,0.1813376,,,0.09598447
France,FRA,2015,,,,0.12674057,,,0.08972616
France,FRA,2016,,,,0.09951033,,,0.082190394
France,FRA,2017,,,,0.08896357,,,0.09023976
France,FRA,2018,,,,0.07493519,,,0.07014845
France,FRA,2019,,,,0.06866753,,,0.05736179
France,FRA,2020,,,,0.060749594,,,0.05040587
France,FRA,2021,,,,0.055964045,,,0.049262457
France,FRA,2022,,,,0.06431339,,,0.052075565
France,FRA,2023,,,,0.053714838,,,0.04914003
France,FRA,2024,,,,0.07124476,,,0.06047953
Germany,DEU,1984,,,,,,,0.28345716
Germany,DEU,1990,,,,,,,0.24639703
Germany,DEU,1991,,,,,,,0.23324995
Germany,DEU,1992,,,,,,,0.25333282
Germany,DEU,1993,,,,,,,0.24790916
Germany,DEU,1994,,,,,,,0.18698598
Germany,DEU,1995,,,,,,,0.22897519
Germany,DEU,1996,,,,,,,0.21025018
Germany,DEU,1997,,,,,,,0.2088452
Germany,DEU,1998,,,,,,,0.19467548
Germany,DEU,1999,,,,,,,0.20727979
Germany,DEU,2000,,,,,,,0.20425466
Germany,DEU,2001,,,,,,,0.2131809
Germany,DEU,2002,,,,,,,0.16983582
Germany,DEU,2003,,,,,,,0.1551198
Germany,DEU,2004,,,,,,,0.15525337
Germany,DEU,2005,,,,,,,0.16066813
Germany,DEU,2006,,,,,,,0.16524485
Germany,DEU,2007,,,,,,,0.15189704
Germany,DEU,2008,,,,,,,0.18256487
Germany,DEU,2009,,,,,,,0.16875827
Germany,DEU,2010,,,,0.4239759,,,0.15598711
Germany,DEU,2011,,,,0.35440132,,,0.14898615
Germany,DEU,2012,,,,0.28350118,,,0.13249467
Germany,DEU,2013,,,,0.22217561,,,0.12366437
Germany,DEU,2014,,,,0.16200085,,,0.11014342
Germany,DEU,2015,,,,0.12686153,,,0.09885446
Germany,DEU,2016,,,,0.10977753,,,0.08902124
Germany,DEU,2017,,,,0.09981053,,,0.08602997
Germany,DEU,2018,,,,0.09382947,,,0.072073184
Germany,DEU,2019,,,,0.07484928,,,0.05931995
Germany,DEU,2020,,,,0.0613189,,,0.05059981
Germany,DEU,2021,,,,0.058095884,,,0.055393994
Germany,DEU,2022,,,,0.07287973,,,0.056827135
Germany,DEU,2023,,,,0.051802453,,,0.05408796
Germany,DEU,2024,,,,0.059337635,,,0.04730614
Greece,GRC,2010,,,,0.4368785,,,0.15132435
Greece,GRC,2011,,,,0.2967477,,,0.100195415
Greece,GRC,2012,,,,0.17799833,,,0.12065064
Greece,GRC,2013,,,,0.15726577,,,
Greece,GRC,2014,,,,,,,0.10768279
Greece,GRC,2015,,,,,,,0.10274727
Greece,GRC,2016,,,,,,,0.08510132
Greece,GRC,2017,,,,0.15363817,,,0.0825889
Greece,GRC,2018,,,,0.12098935,,,0.085583426
Greece,GRC,2019,,,,,,,0.071259044
Greece,GRC,2020,,,,0.05679697,,,0.07243647
Greece,GRC,2021,,,,0.053668547,,,0.058684412
Greece,GRC,2022,,,,0.0744103,,,0.051067922
Greece,GRC,2023,,,,0.046122912,,,0.047296572
Greece,GRC,2024,,,,0.043779794,,,0.07020549
India,IND,1990,,,,,,,0.26960203
India,IND,1991,,,,,,,0.30805582
India,IND,1992,,,,,,,0.28215116
India,IND,1993,,,,,,,0.28215116
India,IND,1994,,,,,,,0.28215116
India,IND,1995,,,,,,,0.2648814
India,IND,1996,,,,,,,0.2562465
India,IND,1997,,,,,,,0.23523104
India,IND,1998,,,,,,,0.23897675
India,IND,1999,,,,,,,0.23034187
India,IND,2000,,,,,,,0.20763367
India,IND,2001,,,,,,,0.16714254
India,IND,2002,,,,,,,0.15564068
India,IND,2003,,,,,,,0.1689708
India,IND,2004,,,,,,,0.12373012
India,IND,2005,,,,,,,0.13020991
India,IND,2006,,,,,,,0.14590445
India,IND,2007,,,,,,,0.11724461
India,IND,2008,,,,,,,0.124397404
India,IND,2009,,,,,,,0.09564944
India,IND,2010,,,,0.39814004,,,0.09987384
India,IND,2011,,,,0.25257427,,,0.091891564
India,IND,2012,,,,0.21484716,,,0.10667148
India,IND,2013,,,,0.21442719,,,0.10297378
India,IND,2014,,,,0.13954785,,,0.10123273
India,IND,2015,,,,0.09116834,,,0.08549688
India,IND,2016,,,,0.085864194,,,0.074051425
India,IND,2017,,,,0.07831649,,,0.05952639
India,IND,2018,,,,0.05670857,,,0.04670686
India,IND,2019,,,,0.04477593,,,0.046444263
India,IND,2020,,,,0.04242284,,,0.042087745
India,IND,2021,,,,0.039525174,,,0.03279404
India,IND,2022,,,,0.03902831,,,0.038998853
India,IND,2023,,,,0.042047445,,,0.04738523
India,IND,2024,,,,0.037806813,,,0.04757322
Indonesia,IDN,2017,,,,,,,0.13598251
Indonesia,IDN,2018,,,,,,,0.07161499
Indonesia,IDN,2019,,,,,,,0.10998532
Indonesia,IDN,2020,,,,,,,0.08512058
Ireland,IRL,2003,,,,,,,0.098850764
Ireland,IRL,2009,,,,,,,0.10506451
Ireland,IRL,2010,,,,,,,0.15776975
Ireland,IRL,2011,,,,,,,0.10457973
Ireland,IRL,2012,,,,,,,0.093224
Ireland,IRL,2013,,,,,,,0.091311865
Ireland,IRL,2014,,,,,,,0.11440333
Ireland,IRL,2015,,,,,,,0.06024401
Ireland,IRL,2016,,,,,,,0.05178024
Ireland,IRL,2017,,,,,,,0.05937807
Ireland,IRL,2018,,,,,,,0.053342972
Ireland,IRL,2019,,,,,,,0.06245606
Ireland,IRL,2020,,,,,,,0.0786268
Ireland,IRL,2022,,,,,,,0.0432678
Ireland,IRL,2023,,,,,,,0.035807267
Ireland,IRL,2024,,,,,,,0.033929933
Italy,ITA,1989,,,,,,,0.2273847
Italy,ITA,1991,,,,,,,0.21626653
Italy,ITA,1992,,,,,,,0.23412986
Italy,ITA,1993,,,,,,,0.22875854
Italy,ITA,1994,,,,,,,0.21471868
Italy,ITA,1995,,,,,,,0.20284301
Italy,ITA,1996,,,,,,,0.20786493
Italy,ITA,1997,,,,,,,0.19318365
Italy,ITA,1998,,,,,,,0.19105975
Italy,ITA,1999,,,,,,,0.18243626
Italy,ITA,2000,,,,,,,0.17489603
Italy,ITA,2001,,,,,,,0.14647083
Italy,ITA,2002,,,,,,,0.16353731
Italy,ITA,2003,,,,,,,0.14795355
Italy,ITA,2004,,,,,,,0.12794991
Italy,ITA,2005,,,,,,,0.14489722
Italy,ITA,2006,,,,,,,0.14236438
Italy,ITA,2007,,,,,,,0.14143446
Italy,ITA,2008,,,,,,,0.15133138
Italy,ITA,2009,,,,,,,0.1624889
Italy,ITA,2010,,,,0.4620927,,,0.15034878
Italy,ITA,2011,,,,0.44100258,,,0.17314906
Italy,ITA,2012,,,,0.22445217,,,0.15641937
Italy,ITA,2013,,,,0.19903593,,,0.11275368
Italy,ITA,2014,,,,0.15711801,,,0.10732165
Italy,ITA,2015,,,,,,,0.10373461
Italy,ITA,2016,,,,,,,0.07916124
Italy,ITA,2017,,,,0.07992641,,,0.09650834
Italy,ITA,2018,,,,0.06986017,,,0.062458217
Italy,ITA,2019,,,,0.064458765,,,0.057376016
Italy,ITA,2020,,,,0.060634963,,,0.057051163
Italy,ITA,2021,,,,0.05704833,,,0.044321593
Italy,ITA,2022,,,,0.063661024,,,0.043316297
Italy,ITA,2023,,,,0.055382412,,,0.051172115
Italy,ITA,2024,,,,0.060940288,,,0.056042008
Japan,JPN,2000,,,,,,,0.1863498
Japan,JPN,2005,,,,,,,0.18397251
Japan,JPN,2010,,,,,,,0.18691745
Japan,JPN,2011,,,,0.5019107,,,0.16194117
Japan,JPN,2012,,,,0.3532279,,,0.20430781
Japan,JPN,2013,,,,0.29248548,,,0.18206449
Japan,JPN,2014,,,,0.25873783,,,0.1698886
Japan,JPN,2015,,,,0.18436754,,,0.1397173
Japan,JPN,2016,,,,0.18531564,,,0.19531132
Japan,JPN,2017,,,,0.14602101,,,0.13739358
Japan,JPN,2018,,,,0.13488448,,,0.15421574
Japan,JPN,2019,,,,0.12379583,,,0.13173042
Japan,JPN,2020,,,,0.11522754,,,0.11715981
Japan,JPN,2021,,,,0.09991017,,,0.15304044
Japan,JPN,2022,,,,0.0998007,,,0.15601303
Japan,JPN,2023,,,,0.10275269,,,0.12678458
Japan,JPN,2024,,,,0.11971825,,,0.13592567
Mexico,MEX,2007,,,,,,,0.07168566
Mexico,MEX,2008,,,,,,,0.06303721
Mexico,MEX,2009,,,,,,,0.08900595
Mexico,MEX,2010,,,,,,,0.10917342
Mexico,MEX,2011,,,,,,,0.093932904
Mexico,MEX,2012,,,,0.32991475,,,0.07308942
Mexico,MEX,2013,,,,0.21260493,,,0.085334584
Mexico,MEX,2014,,,,0.15151276,,,0.083261445
Mexico,MEX,2015,,,,0.09389219,,,0.076278284
Mexico,MEX,2016,,,,0.17627694,,,0.0760819
Mexico,MEX,2017,,,,0.15959115,,,0.063587874
Mexico,MEX,2018,,,,0.09322807,,,0.04497696
Mexico,MEX,2019,,,,0.08391538,,,0.06195912
Mexico,MEX,2020,,,,0.06206626,,,0.050025456
Mexico,MEX,2021,,,,0.05603512,,,0.04564731
Mexico,MEX,2022,,,,0.07099568,,,0.047852583
Mexico,MEX,2023,,,,0.07294163,,,
Morocco,MAR,2000,,,,,,,0.12830749
Morocco,MAR,2001,,,,,,,0.10985078
Morocco,MAR,2005,,,,,,,0.066256404
Morocco,MAR,2007,,,,,,,0.084866576
Morocco,MAR,2011,,,,,,,0.08042444
Morocco,MAR,2012,,,,,,,0.09966506
Morocco,MAR,2013,,,,,,,0.07738788
Morocco,MAR,2014,,,,,,,0.073406525
Morocco,MAR,2016,,,,,,,0.06019565
Morocco,MAR,2017,,,,,,,0.052143168
Morocco,MAR,2018,,,,,,,0.06311802
Morocco,MAR,2020,,,,,,,0.04622491
Morocco,MAR,2021,,,,,,,0.051096532
Morocco,MAR,2022,,,,,,,0.053996306
Morocco,MAR,2023,,,,,,,0.043419562
Morocco,MAR,2024,,,,,,,0.04142977
Netherlands,NLD,2000,,,,,,,0.112831
Netherlands,NLD,2002,,,,,,,0.08230525
Netherlands,NLD,2003,,,,,,,0.118734136
Netherlands,NLD,2004,,,,,,,0.12953645
Netherlands,NLD,2005,,,,,,,0.07933442
Netherlands,NLD,2006,,,,,,,0.13425173
Netherlands,NLD,2007,,,,,,,0.15890723
Netherlands,NLD,2008,,,,,,,0.10675383
Netherlands,NLD,2010,,,,,,,0.10419904
Netherlands,NLD,2012,,,,,,,0.12494921
Netherlands,NLD,2013,,,,,,,0.08841196
Netherlands,NLD,2014,,,,,,,0.10587118
Netherlands,NLD,2015,,,,,,,0.097943455
Netherlands,NLD,2016,,,,0.131066,,,0.082515955
Netherlands,NLD,2017,,,,0.14681202,,,0.090907305
Netherlands,NLD,2018,,,,0.111241385,,,0.049756784
Netherlands,NLD,2019,,,,0.1059552,,,0.05488569
Netherlands,NLD,2020,,,,0.102525175,,,0.040819384
Netherlands,NLD,2021,,,,0.089441374,,,0.04613009
Netherlands,NLD,2022,,,,0.092861325,,,0.04746311
Netherlands,NLD,2023,,,,0.06690294,,,0.04228315
Netherlands,NLD,2024,,,,0.042454433,,,0.040412117
New Zealand,NZL,2011,,,,,,,0.08744305
New Zealand,NZL,2014,,,,,,,0.080953255
New Zealand,NZL,2015,,,,,,,0.06932619
New Zealand,NZL,2020,,,,,,,0.036641855
New Zealand,NZL,2021,,,,,,,0.035764016
New Zealand,NZL,2023,,,,,,,0.04167824
New Zealand,NZL,2024,,,,,,,0.04150351
Norway,NOR,2001,,,,,,,0.5453107
Norway,NOR,2002,,,,,,,0.11795128
Norway,NOR,2005,,,,,,,0.3858455
Norway,NOR,2006,,,,,,,0.06773415
Norway,NOR,2012,,,,,,,0.119983226
Norway,NOR,2013,,,,,,,0.09607409
Norway,NOR,2015,,,,,,,0.061007727
Norway,NOR,2016,,,,,,,0.069300644
Norway,NOR,2017,,,,,,,0.059919555
Norway,NOR,2018,,,,,,,0.06323518
Norway,NOR,2019,,,,,,,0.06278943
Norway,NOR,2020,,,,,,,0.04137284
Norway,NOR,2021,,,,,,,0.04059856
Pakistan,PAK,2009,,,,,,,0.17652252
Pakistan,PAK,2012,,,,,,,0.14541599
Pakistan,PAK,2014,,,,,,,0.089115314
Pakistan,PAK,2015,,,,,,,0.13963734
Pakistan,PAK,2016,,,,,,,0.122107096
Pakistan,PAK,2017,,,,,,,0.13183823
Pakistan,PAK,2018,,,,,,,0.095551595
Pakistan,PAK,2021,,,,,,,0.074530356
Pakistan,PAK,2022,,,,,,,0.053891316
Panama,PAN,2013,,,,,,,0.096946225
Panama,PAN,2014,,,,,,,0.08635527
Panama,PAN,2015,,,,,,,0.092940025
Panama,PAN,2016,,,,,,,0.11911262
Peru,PER,2013,,,,,,,0.06336797
Peru,PER,2014,,,,,,,0.092370175
Peru,PER,2015,,,,,,,0.06806823
Peru,PER,2016,,,,,,,0.05609914
Peru,PER,2018,,,,,,,0.034311943
Peru,PER,2023,,,,,,,0.03244237
Peru,PER,2024,,,,,,,0.03265801
Philippines,PHL,2005,,,,,,,0.10796817
Philippines,PHL,2006,,,,,,,0.15756853
Philippines,PHL,2013,,,,,,,0.17184769
Philippines,PHL,2014,,,,,,,0.14508125
Philippines,PHL,2015,,,,,,,0.14324756
Philippines,PHL,2016,,,,,,,0.14365983
Philippines,PHL,2017,,,,,,,0.11246583
Philippines,PHL,2019,,,,,,,0.07342916
Philippines,PHL,2023,,,,,,,0.05906412
Philippines,PHL,2024,,,,,,,0.079696834
Poland,POL,2001,,,,,,,0.11526408
Poland,POL,2002,,,,,,,0.107147075
Poland,POL,2006,,,,,,,0.13726
Poland,POL,2007,,,,,,,0.11198105
Poland,POL,2008,,,,,,,0.06421512
Poland,POL,2010,,,,,,,0.17722286
Poland,POL,2011,,,,,,,0.15239543
Poland,POL,2012,,,,,,,0.13943082
Poland,POL,2013,,,,,,,0.1621026
Poland,POL,2014,,,,,,,0.11650624
Poland,POL,2015,,,,,,,0.094071485
Poland,POL,2016,,,,,,,0.085248105
Poland,POL,2017,,,,,,,0.06473234
Poland,POL,2020,,,,0.14547783,,,0.043032445
Poland,POL,2021,,,,0.09912658,,,0.047496345
Poland,POL,2022,,,,0.11552244,,,0.05248654
Poland,POL,2023,,,,0.07938438,,,0.050184626
Poland,POL,2024,,,,0.0848847,,,0.055621065
Portugal,PRT,2003,,,,,,,0.1018147
Portugal,PRT,2004,,,,,,,0.11479423
Portugal,PRT,2005,,,,,,,0.1192124
Portugal,PRT,2006,,,,,,,0.11259962
Portugal,PRT,2007,,,,,,,0.12745899
Portugal,PRT,2008,,,,,,,0.11453119
Portugal,PRT,2009,,,,,,,0.1532837
Portugal,PRT,2010,,,,,,,0.11917697
Portugal,PRT,2011,,,,,,,0.15323405
Portugal,PRT,2012,,,,,,,0.1280773
Portugal,PRT,2013,,,,,,,0.12301436
Portugal,PRT,2014,,,,,,,0.09472483
Portugal,PRT,2015,,,,,,,0.09131128
Portugal,PRT,2016,,,,,,,0.09484255
Portugal,PRT,2017,,,,,,,0.057107117
Portugal,PRT,2018,,,,0.058846653,,,0.052615214
Portugal,PRT,2019,,,,0.06403873,,,
Portugal,PRT,2020,,,,0.055089746,,,
Portugal,PRT,2021,,,,0.054928124,,,
Portugal,PRT,2022,,,,0.06309809,,,
Portugal,PRT,2023,,,,0.054415297,,,
Russia,RUS,2015,,,,,,,0.10849796
Russia,RUS,2018,,,,,,,0.061748963
Russia,RUS,2019,,,,,,,0.059793938
Russia,RUS,2020,,,,,,,0.060363382
Russia,RUS,2021,,,,,,,0.051504187
Russia,RUS,2022,,,,,,,0.0425678
Russia,RUS,2023,,,,,,,0.10795913
Russia,RUS,2024,,,,,,,0.08676296
Saudi Arabia,SAU,2018,,,,0.08630052,,,
Saudi Arabia,SAU,2019,,,,0.0638353,,,
Saudi Arabia,SAU,2021,,,,0.053194717,,,
Saudi Arabia,SAU,2022,,,,0.03694231,,,
Saudi Arabia,SAU,2023,,,,0.04344428,,,
South Africa,ZAF,2008,,,,,,,0.12000866
South Africa,ZAF,2012,,,,,,,0.12884182
South Africa,ZAF,2013,,,,,,,0.14637658
South Africa,ZAF,2014,,,,,,,0.12536715
South Africa,ZAF,2015,,,,,,,0.100965045
South Africa,ZAF,2016,,,,,,,0.09170267
South Africa,ZAF,2017,,,,,,,0.07330219
South Africa,ZAF,2018,,,,0.099985875,,,
South Africa,ZAF,2019,,,,0.07715756,,,0.06303788
South Africa,ZAF,2020,,,,0.074148744,,,0.0564312
South Africa,ZAF,2021,,,,0.060782384,,,0.05303863
South Africa,ZAF,2022,,,,0.06666313,,,0.04109419
South Africa,ZAF,2023,,,,0.07770141,,,0.050717518
South Korea,KOR,2010,,,,,,,0.14084554
South Korea,KOR,2011,,,,0.5323795,,,0.13266952
South Korea,KOR,2012,,,,0.2781384,,,0.14139977
South Korea,KOR,2013,,,,0.2524902,,,
South Korea,KOR,2014,,,,0.1940587,,,
South Korea,KOR,2015,,,,0.17809922,,,0.13489747
South Korea,KOR,2016,,,,0.17048205,,,0.08861297
South Korea,KOR,2017,,,,0.11438441,,,0.08450936
South Korea,KOR,2018,,,,0.093988225,,,0.06838927
South Korea,KOR,2019,,,,0.086199425,,,0.07078118
South Korea,KOR,2020,,,,0.0653705,,,
South Korea,KOR,2021,,,,0.06298667,,,0.06866509
South Korea,KOR,2022,,,,0.07682194,,,0.08498924
South Korea,KOR,2023,,,,0.068457134,,,0.06876497
South Korea,KOR,2024,,,,0.08359899,,,0.08921827
Spain,ESP,1990,,,,,,,0.17236996
Spain,ESP,1991,,,,,,,0.17082457
Spain,ESP,1992,,,,,,,0.16217557
Spain,ESP,1993,,,,,,,0.15826288
Spain,ESP,1994,,,,,,,0.14803566
Spain,ESP,1995,,,,,,,0.13938493
Spain,ESP,1996,,,,,,,0.13547222
Spain,ESP,1997,,,,,,,0.13234863
Spain,ESP,1998,,,,,,,0.12766255
Spain,ESP,1999,,,,,,,0.118622884
Spain,ESP,2000,,,,,,,0.123395756
Spain,ESP,2001,,,,,,,0.1193345
Spain,ESP,2002,,,,,,,0.11268569
Spain,ESP,2003,,,,,,,0.108874924
Spain,ESP,2004,,,,,,,0.12017426
Spain,ESP,2005,,,,,,,0.11313812
Spain,ESP,2006,,,,,,,0.11685244
Spain,ESP,2007,,,,,,,0.13582389
Spain,ESP,2008,,,,,,,0.13376725
Spain,ESP,2009,,,,,,,0.12839884
Spain,ESP,2010,,,,0.36775112,,,0.13028707
Spain,ESP,2011,,,,0.2554415,,,0.122542255
Spain,ESP,2012,,,,0.20554675,,,0.1054984
Spain,ESP,2013,,,,0.1567802,,,0.10099617
Spain,ESP,2014,,,,0.15056647,,,0.0840893
Spain,ESP,2015,,,,0.087270476,,,0.06816275
Spain,ESP,2016,,,,,,,0.06282565
Spain,ESP,2017,,,,,,,0.06183805
Spain,ESP,2018,,,,,,,0.08524097
Spain,ESP,2019,,,,0.05490358,,,0.042244785
Spain,ESP,2020,,,,0.050298918,,,0.033817854
Spain,ESP,2021,,,,0.05366831,,,0.027421484
Spain,ESP,2022,,,,0.04773831,,,0.03404735
Spain,ESP,2023,,,,0.03949096,,,0.036343705
Spain,ESP,2024,,,,0.05306112,,,0.042650968
Sweden,SWE,1984,,,,,,,0.28192055
Sweden,SWE,1990,,,,,,,0.24500619
Sweden,SWE,1991,,,,,,,0.2319285
Sweden,SWE,1992,,,,,,,0.25186667
Sweden,SWE,1993,,,,,,,0.24645977
Sweden,SWE,1994,,,,,,,0.23232687
Sweden,SWE,1995,,,,,,,0.2203725
Sweden,SWE,1996,,,,,,,0.22627956
Sweden,SWE,1997,,,,,,,0.21064912
Sweden,SWE,1998,,,,,,,0.20851117
Sweden,SWE,1999,,,,,,,0.19983052
Sweden,SWE,2001,,,,,,,0.16151562
Sweden,SWE,2002,,,,,,,0.18479818
Sweden,SWE,2003,,,,,,,0.14262806
Sweden,SWE,2004,,,,,,,0.1553291
Sweden,SWE,2005,,,,,,,0.16069408
Sweden,SWE,2006,,,,,,,0.16069408
Sweden,SWE,2007,,,,,,,0.14555317
Sweden,SWE,2008,,,,,,,0.16508694
Sweden,SWE,2009,,,,,,,0.1586048
Sweden,SWE,2010,,,,,,,0.12639104
Sweden,SWE,2011,,,,,,,0.11987581
Sweden,SWE,2012,,,,,,,0.116072044
Sweden,SWE,2013,,,,,,,0.09226537
Sweden,SWE,2014,,,,,,,0.09984972
Sweden,SWE,2015,,,,,,,0.08127753
Sweden,SWE,2016,,,,,,,0.06928278
Sweden,SWE,2017,,,,,,,0.06210775
Sweden,SWE,2018,,,,,,,0.04594102
Sweden,SWE,2019,,,,,,,0.04397636
Sweden,SWE,2020,,,,,,,0.0419335
Sweden,SWE,2021,,,,,,,0.039409738
Sweden,SWE,2022,,,,,,,0.038425762
Sweden,SWE,2023,,,,,,,0.04436498
Sweden,SWE,2024,,,,,,,0.05641347
Turkey,TUR,1998,,,,,,,0.1478787
Turkey,TUR,2000,,,,,,,0.13435705
Turkey,TUR,2009,,,,,,,0.115427986
Turkey,TUR,2010,,,,,,,0.14164077
Turkey,TUR,2011,,,,,,,0.104743704
Turkey,TUR,2012,,,,,,,0.09247885
Turkey,TUR,2013,,,,,,,0.09364925
Turkey,TUR,2014,,,,,,,0.10221427
Turkey,TUR,2015,,,,,,,0.0890628
Turkey,TUR,2016,,,,0.1410048,,,0.07970978
Turkey,TUR,2017,,,,0.13367066,,,0.07185483
Turkey,TUR,2018,,,,0.1063604,,,0.07999832
Turkey,TUR,2019,,,,0.09617199,,,0.07636349
Turkey,TUR,2020,,,,0.07392844,,,0.05519721
Turkey,TUR,2021,,,,0.07055427,,,0.048889305
Turkey,TUR,2022,,,,0.07368639,,,0.057256617
Turkey,TUR,2023,,,,0.069532745,,,0.07881737
Turkey,TUR,2024,,,,0.08511808,,,0.06944127
Ukraine,UKR,2013,,,,,,,0.16136822
Ukraine,UKR,2014,,,,,,,0.13196006
Ukraine,UKR,2017,,,,,,,0.10901596
Ukraine,UKR,2019,,,,,,,0.08588714
Ukraine,UKR,2020,,,,,,,0.05839365
Ukraine,UKR,2021,,,,,,,0.052526433
Ukraine,UKR,2023,,,,,,,0.097879514
United Kingdom,GBR,1989,,,,,,,0.23138686
United Kingdom,GBR,1990,,,,,,,0.2326188
United Kingdom,GBR,1991,,,,,,,0.22008501
United Kingdom,GBR,1992,,,,,,,0.23651601
United Kingdom,GBR,1993,,,,,,,0.2166076
United Kingdom,GBR,1994,,,,,,,0.2184799
United Kingdom,GBR,1995,,,,,,,0.20638318
United Kingdom,GBR,1996,,,,,,,0.21148618
United Kingdom,GBR,1997,,,,,,,0.196544
United Kingdom,GBR,1998,,,,,,,0.1943806
United Kingdom,GBR,1999,,,,,,,0.18559659
United Kingdom,GBR,2000,,,,,,,0.12705764
United Kingdom,GBR,2001,,,,,,,0.14427601
United Kingdom,GBR,2002,,,,,,,0.15023431
United Kingdom,GBR,2003,,,,,,,0.15050276
United Kingdom,GBR,2004,,,,,,,0.15853566
United Kingdom,GBR,2005,,,,,,,0.14942473
United Kingdom,GBR,2006,,,,,,,0.14991733
United Kingdom,GBR,2007,,,,,,,0.14223565
United Kingdom,GBR,2008,,,,,,,0.15657435
United Kingdom,GBR,2009,,,,,,,0.085937925
United Kingdom,GBR,2010,,,,0.6133668,,,0.113102175
United Kingdom,GBR,2011,,,,0.56511503,,,0.11615559
United Kingdom,GBR,2012,,,,0.33122855,,,0.10347138
United Kingdom,GBR,2013,,,,0.2673939,,,0.10293238
United Kingdom,GBR,2014,,,,0.21822445,,,0.09714515
United Kingdom,GBR,2015,,,,0.1693636,,,0.08861425
United Kingdom,GBR,2016,,,,0.16012026,,,0.07644195
United Kingdom,GBR,2017,,,,0.13087225,,,0.07260965
United Kingdom,GBR,2018,,,,0.13296494,,,0.05065709
United Kingdom,GBR,2019,,,,0.09863811,,,0.06184133
United Kingdom,GBR,2020,,,,0.083338216,,,0.049950384
United Kingdom,GBR,2021,,,,0.07659803,,,0.046096478
United Kingdom,GBR,2022,,,,0.080377854,,,0.03620496
United Kingdom,GBR,2023,,,,0.08173553,,,0.031916693
United Kingdom,GBR,2024,,,,,,,0.045931824
United States,USA,1984,,,,,,,0.36298165
United States,USA,1985,,,,,,,0.3411865
United States,USA,1986,,,,,,,0.30804077
United States,USA,1987,,,,,,,0.30141163
United States,USA,1988,,,,,,,0.23392688
United States,USA,1989,,,,,,,0.2180327
United States,USA,1990,,,,,,,0.241056
United States,USA,1991,,,,,,,0.2337943
United States,USA,1998,,,,,,,0.13342796
United States,USA,1999,,,,,,,0.1283868
United States,USA,2000,,,,,,,0.11182572
United States,USA,2001,,,,,,,0.10513554
United States,USA,2002,,,,,,,0.099460945
United States,USA,2003,,,,,,,0.0880291
United States,USA,2004,,,,,,,0.09740577
United States,USA,2005,,,,,,,0.08582795
United States,USA,2006,,,,,,,0.0969685
United States,USA,2007,,,,,,,0.09591171
United States,USA,2008,,,,,,,0.10948063
United States,USA,2009,,,,,,,0.12243109
United States,USA,2010,,,,0.2721984,,,0.113519475
United States,USA,2011,,,,0.29597557,,,0.11973356
United States,USA,2012,,,,0.25382417,,,0.1014829
United States,USA,2013,,,,0.22755995,,,0.08343382
United States,USA,2014,,,,0.17378798,,,0.06872608
United States,USA,2015,,,,0.16047578,,,0.062426418
United States,USA,2016,,,,0.14337352,,,0.05735595
United States,USA,2017,,,,0.10542709,,,0.05025752
United States,USA,2018,,,,0.081707984,,,0.04616931
United States,USA,2019,,,,0.06853293,,,0.041584406
United States,USA,2020,,,,0.06680542,,,0.037040267
United States,USA,2021,,,,0.06236243,,,0.032069158
United States,USA,2022,,,,0.06014147,,,0.029544435
United States,USA,2023,,,,0.058626875,,,0.03903432
United States,USA,2024,,,,0.06952483,,,0.038707193
Uruguay,URY,2011,,,,,,,0.13024852
Uruguay,URY,2012,,,,,,,0.112485364
Uruguay,URY,2013,,,,,,,0.07869328
Uruguay,URY,2014,,,,,,,0.08380148
Uruguay,URY,2015,,,,,,,0.06679311
Uruguay,URY,2017,,,,,,,0.05777218
Vietnam,VNM,2009,,,,,,,0.10080227
Vietnam,VNM,2011,,,,,,,0.113352016
Vietnam,VNM,2012,,,,,,,0.11535847
Vietnam,VNM,2013,,,,,,,0.11647449
Vietnam,VNM,2015,,,,,,,0.09560313
Vietnam,VNM,2016,,,,,,,0.07889435
Vietnam,VNM,2017,,,,,,,0.07428548
Vietnam,VNM,2019,,,,,,,0.08388886
Vietnam,VNM,2020,,,,,,,0.062019322
Vietnam,VNM,2021,,,,,,,0.05212381
Vietnam,VNM,2022,,,,,,,0.05036833
Vietnam,VNM,2023,,,,,,,0.051641893
Vietnam,VNM,2024,,,,,,,0.047673523
World,OWID_WRL,1984,,,,,,,0.3587345
World,OWID_WRL,1985,,,,,,,0.33309248
World,OWID_WRL,1986,,,,,,,0.2956475
World,OWID_WRL,1987,,,,,,,0.28682953
World,OWID_WRL,1988,,,,,,,0.23647541
World,OWID_WRL,1989,,,,,,,0.2187239
World,OWID_WRL,1990,,,,,,,0.23258026
World,OWID_WRL,1991,,,,,,,0.22309202
World,OWID_WRL,1992,,,,,,,0.22350933
World,OWID_WRL,1993,,,,,,,0.23512727
World,OWID_WRL,1994,,,,,,,0.22146873
World,OWID_WRL,1995,,,,,,,0.23153871
World,OWID_WRL,1996,,,,,,,0.2067773
World,OWID_WRL,1997,,,,,,,0.18092968
World,OWID_WRL,1998,,,,,,,0.16960463
World,OWID_WRL,1999,,,,,,,0.16698478
World,OWID_WRL,2000,,,0.18506691,,,,0.17880763
World,OWID_WRL,2001,,,0.1750342,,,,0.15693052
World,OWID_WRL,2002,,,0.14830108,,,,0.14508337
World,OWID_WRL,2003,,,0.13678382,,,,0.12709081
World,OWID_WRL,2004,,,0.19405845,,,,0.12922344
World,OWID_WRL,2005,,,0.16322227,,,,0.1209965
World,OWID_WRL,2006,,,0.16081423,,,,0.12448385
World,OWID_WRL,2007,,0.055141423,0.22996378,,,,0.11336266
World,OWID_WRL,2008,,0.06137965,0.23258479,,,,0.119348854
World,OWID_WRL,2009,,0.106372245,0.21401648,,,,0.117008045
World,OWID_WRL,2010,0.08581455,0.055330243,0.20787302,0.41695616,0.40162608,0.044166923,0.112679616
World,OWID_WRL,2011,0.08224506,,0.21536702,0.34990245,0.388883,0.041529305,0.106706336
World,OWID_WRL,2012,0.07047066,0.09528636,0.18508165,0.2600221,0.37932393,0.043207027,0.09770544
World,OWID_WRL,2013,0.09037533,0.0707424,0.15602072,0.20022082,0.27958906,0.048289977,0.0984569
World,OWID_WRL,2014,0.090554595,0.07215597,0.18996397,0.18286598,0.24286571,0.037728366,0.08788345
World,OWID_WRL,2015,0.07966977,0.06492279,0.15494837,0.13510516,0.25136447,0.04154221,0.07581618
World,OWID_WRL,2016,0.07786159,0.074959464,0.12838614,0.118348815,0.2790351,0.05496526,0.070178494
World,OWID_WRL,2017,0.07773872,0.07842441,0.116625756,0.092944756,0.23284303,0.057614863,0.06577677
World,OWID_WRL,2018,0.059894048,0.07568996,0.11416621,0.07864044,0.16698822,0.045250613,0.055872437
World,OWID_WRL,2019,0.07028279,0.07469924,0.094945505,0.068642035,0.2380288,0.046389103,0.048891213
World,OWID_WRL,2020,0.07933245,0.0627469,0.09145541,0.06099978,0.11909422,0.0522127,0.040604115
World,OWID_WRL,2021,0.07350465,0.07506707,0.08192627,0.05452617,0.12675023,0.054503772,0.036129907
World,OWID_WRL,2022,0.06389519,0.058841214,0.080760695,0.051091637,0.12441211,0.06264477,0.034220506
World,OWID_WRL,2023,0.07272733,0.072444156,0.07645156,0.04237786,0.119597025,0.05842002,0.03312856
World,OWID_WRL,2024,0.08669712,0.059874233,0.07911744,0.04261977,0.091843486,0.056526273,0.033980936